VIBE CHECK,,,,,,,,,,,,,,,,,,,,
,,AUTONOMOUS ,,,,,TELE-OPerated Period,,,,,,Endgame,,,Other,,,,
Match,Team,A Move,Gravy,Outer,Low,Missed,GravyT,HighT,LowT,MissedT,Rotation,Position,Attempted,Climbed,Climb Tik,Def Tik,WoF,Penalities,Defence,OOF
1,3647,1,3,2,0,1,8,10,0,1,0,0,1,0,20,0,0,1,1,0
1,5107,1,0,0,0,0,0,0,0,0,0,0,0,0,0,0,0,0,0,0
1,4276,1,0,0,0,0,0,2,0,7,0,0,1,0,22,0,0,0,0,0
1,3859,0,0,0,0,0,2,2,0,5,0,0,0,0,20,0,0,0,0,0
1,5496,1,1,1,0,0,0,4,0,3,0,0,0,0,10,0,1,0,0,0
1,5199,1,0,0,0,4,0,0,0,0,0,0,0,0,0,0,0,1,0,1
2,7706,1,0,0,0,0,0,0,0,0,0,0,0,0,0,0,1,0,0,1
2,5526,1,0,0,0,3,0,0,0,0,0,0,0,0,30,0,0,0,0,1
2,2437,0,0,0,0,0,0,0,3,8,0,0,0,0,30,0,0,0,0,0
2,4419,1,0,0,0,0,0,0,5,3,0,0,1,1,23,0,0,0,0,0
2,4984,1,0,0,0,0,0,0,8,0,0,0,1,0,40,0,0,0,0,0
2,8006,0,0,0,0,0,0,0,0,0,0,0,0,0,0,0,0,0,0,1
3,5025,1,0,0,0,3,1,2,0,5,0,0,1,0,26,0,0,0,0,0
3,3749,1,0,0,0,0,0,0,0,0,0,0,1,0,15,0,0,0,0,1
3,1159,1,0,0,0,3,0,2,0,1,0,0,1,1,27,0,0,0,0,0
3,2658,1,0,3,0,0,0,5,0,7,0,0,1,1,15,0,1,0,0,0
3,399,0,0,0,0,0,0,0,1,6,0,0,0,0,10,0,0,0,0,0
3,5805,0,0,0,0,0,0,0,0,0,0,0,0,0,10,0,0,0,0,1
4,4738,0,0,0,0,0,0,0,0,1,0,0,1,1,40,0,0,0,0,0
4,7157,1,0,2,0,1,1,1,0,2,0,0,0,0,0,10,0,0,0,0
4,7459,1,0,0,0,0,0,1,0,6,0,0,1,1,30,0,0,0,0,0
4,7445,1,0,0,0,3,0,3,0,4,0,0,0,0,13,0,0,0,0,0
4,7326,0,0,2,0,1,0,0,0,1,0,0,1,0,45,0,0,0,0,0
4,2443,1,0,0,0,0,0,2,0,5,0,0,1,0,35,0,1,0,0,0
5,3889,1,0,0,0,0,0,0,4,0,0,0,1,1,40,0,0,1,0,0
5,2839,1,0,0,0,2,0,0,0,3,0,0,1,1,30,0,1,0,0,0
5,1572,1,0,1,0,2,0,0,0,0,0,0,0,0,0,0,0,0,0,1
5,294,1,1,2,0,0,2,9,0,6,0,0,1,1,25,0,1,0,0,0
5,4919,1,0,0,0,2,0,3,0,0,0,0,0,0,0,0,0,0,0,0
5,3882,1,0,3,0,0,0,4,0,5,0,0,1,1,22,0,0,1,0,0
6,812,1,0,0,0,3,0,0,0,0,0,0,0,0,0,70,0,0,1,0
6,3965,1,0,0,0,0,0,1,0,8,0,0,0,0,3,0,0,0,0,0
6,5137,1,0,1,0,0,2,6,0,0,0,0,1,1,30,0,0,0,0,0
6,4698,1,0,3,0,0,3,5,0,1,0,0,0,0,0,0,0,0,0,0
6,6695,1,0,0,0,3,0,1,0,5,0,0,1,0,35,0,0,0,0,0
6,5851,0,0,0,0,0,1,6,0,0,0,0,1,1,40,0,0,0,0,0
7,2240,1,0,3,0,0,0,0,0,3,0,0,0,0,0,0,0,1,1,1
7,6704,1,0,3,0,0,0,0,0,3,0,0,1,1,30,0,0,0,1,0
7,2984,1,0,0,0,2,0,0,0,2,0,0,1,1,35,0,0,0,0,1
7,1266,0,0,0,0,0,0,0,0,0,0,0,0,0,30,120,1,0,1,0
7,1622,0,0,0,0,0,0,0,0,0,0,0,0,0,0,0,0,0,0,0
7,3128,0,0,0,0,0,0,0,0,0,0,0,0,0,0,70,1,1,1,1
8,7042,1,0,2,0,1,0,3,0,0,0,0,1,1,20,0,0,0,0,0
8,968,0,0,0,0,0,0,0,0,0,0,0,0,0,0,0,0,0,0,0
8,2945,1,0,0,0,0,0,2,0,5,0,0,1,1,30,0,0,0,0,0
8,7607,0,0,0,0,0,0,0,0,0,0,0,0,0,0,0,0,0,0,0
8,3341,1,0,0,0,3,0,0,0,0,0,0,0,0,0,0,1,0,0,1
8,4486,1,0,0,0,0,0,0,0,7,0,0,0,0,0,0,0,0,0,1
9,6885,1,0,0,0,0,0,0,5,0,0,0,0,0,0,0,0,0,0,1
9,6479,1,0,1,0,2,2,7,0,9,0,0,0,0,0,0,1,0,0,0
9,5678,0,0,0,0,0,0,0,0,3,0,0,0,0,20,0,0,0,0,0
9,6960,0,0,0,0,0,0,0,0,0,0,0,0,0,0,0,0,0,0,1
9,3255,1,0,3,0,0,0,5,0,8,0,0,1,0,30,0,1,0,0,0
9,4583,1,0,1,0,2,0,0,0,0,0,0,1,0,21,0,0,0,0,1
10,399,0,0,0,0,0,0,0,0,0,0,0,1,0,15,0,0,0,0,0
10,4763,1,0,0,0,0,0,0,0,5,0,0,0,0,13,0,0,1,0,1
10,2543,0,0,0,0,0,0,0,0,0,0,0,0,0,35,20,0,0,1,0
10,2485,1,2,0,0,1,0,0,0,2,0,0,0,0,25,0,0,0,0,0
10,3889,0,0,0,0,0,0,0,0,0,0,0,1,0,40,30,0,0,1,0
10,5514,0,0,0,0,0,0,0,8,0,0,0,1,1,30,0,0,0,0,0
11,2437,1,0,0,0,0,0,0,9,0,0,0,1,0,12,0,1,0,0,0
11,5137,1,1,1,0,1,0,5,0,1,0,0,1,1,43,0,0,1,0,0
11,7445,1,0,0,0,4,0,1,0,4,0,0,0,0,5,0,1,0,0,0
11,2443,0,0,1,0,2,1,4,0,4,0,0,0,0,20,0,0,0,0,0
11,3647,1,0,3,0,0,2,13,0,0,0,0,1,0,10,0,0,1,0,0
11,5025,0,0,1,0,2,0,5,0,4,0,0,1,0,20,0,0,0,0,0
12,8006,0,0,0,0,0,0,0,0,0,0,0,0,0,0,0,0,0,0,1
12,3859,0,0,0,0,0,0,5,0,7,0,0,1,1,35,0,0,0,0,0
12,3965,1,0,0,0,3,0,0,0,4,0,0,0,0,19,0,0,0,0,0
12,4419,1,0,0,3,0,0,0,5,2,0,0,1,1,31,0,0,0,0,0
12,294,1,0,0,0,0,1,18,0,1,0,0,1,1,30,0,1,0,0,0
12,812,1,0,0,0,0,0,0,2,1,0,0,0,0,15,0,1,0,0,0
13,3882,1,1,2,0,0,0,4,0,1,0,0,1,1,15,0,1,0,0,0
13,3749,1,0,2,0,1,1,1,0,3,0,0,1,1,37,0,0,0,1,0
13,6695,1,0,0,0,0,0,1,0,4,0,0,1,0,25,0,0,0,0,0
13,7459,1,0,0,0,0,0,1,0,4,0,0,0,0,35,0,0,0,0,1
13,2984,1,0,0,0,3,0,0,0,0,0,0,0,0,50,0,0,0,0,1
13,2945,1,0,0,0,0,0,0,0,0,0,0,1,0,30,0,0,0,0,1
14,7042,1,0,2,0,1,0,3,0,2,0,0,1,0,33,0,0,0,0,0
14,5851,0,0,0,0,0,2,2,0,6,0,0,1,1,42,0,0,0,0,0
14,6704,1,0,0,0,0,1,3,0,1,0,0,1,1,30,0,0,0,0,0
14,2240,1,2,1,0,0,1,2,0,1,0,0,1,0,45,0,0,0,0,0
14,6885,1,0,0,0,0,0,0,3,1,0,0,0,0,30,0,0,0,0,1
14,7157,1,2,1,0,1,0,1,0,7,0,0,0,0,12,0,0,0,0,0
15,5514,0,0,0,0,0,0,0,6,0,0,0,0,0,0,0,0,0,0,1
15,2839,1,0,0,0,3,0,4,0,1,0,0,1,1,30,0,1,0,0,0
15,7706,1,0,0,0,2,0,2,0,3,0,0,0,0,10,0,0,0,0,0
15,5107,0,0,0,0,0,0,0,0,1,0,0,0,0,10,55,0,1,1,0
15,2658,1,1,2,0,0,0,8,0,4,0,0,1,1,23,0,1,0,0,0
15,5526,1,0,0,0,3,0,4,0,6,0,0,0,0,10,0,0,0,0,1
16,968,0,0,0,0,0,0,0,0,0,0,0,1,0,10,120,0,0,1,0
16,2543,0,0,1,0,2,0,0,0,2,0,0,1,0,44,0,0,1,1,0
16,4486,1,0,0,0,0,0,0,2,1,0,0,1,0,37,0,1,1,0,0
16,4738,1,0,0,0,0,1,1,0,5,0,0,1,0,30,0,0,0,0,0
16,1266,1,0,0,0,0,0,0,0,0,0,0,0,0,0,120,0,0,1,0
16,1159,1,1,1,0,1,0,2,0,6,0,0,0,0,25,0,0,0,0,0
17,1622,0,0,0,0,0,0,0,0,0,0,0,0,0,0,15,0,0,0,0
17,4583,1,0,1,0,2,0,0,0,0,0,0,1,0,30,60,0,1,0,1
17,7607,0,0,0,0,0,0,0,0,0,0,0,0,0,0,0,0,0,0,0
17,4698,0,0,0,0,0,0,5,0,0,0,0,1,1,30,0,0,0,0,0
17,5199,1,0,3,0,1,0,6,0,10,0,0,1,0,35,0,1,0,0,0
17,7326,0,0,1,0,2,0,0,0,3,0,0,0,0,0,0,0,1,0,0
18,4919,1,0,1,0,1,0,0,0,0,0,0,1,1,40,0,0,1,0,1
18,5496,1,0,2,0,1,1,6,0,10,0,0,0,0,0,0,0,0,0,0
18,3128,0,0,0,0,0,1,1,0,1,0,0,1,1,34,0,1,1,0,0
18,3341,0,0,0,0,0,0,0,2,3,0,0,1,1,30,0,0,0,0,0
18,5678,0,0,0,0,0,0,0,2,0,0,0,0,0,0,0,0,0,0,0
18,6960,0,0,1,0,2,2,2,0,1,0,0,1,0,20,0,0,0,0,0
19,1572,1,0,2,0,1,1,4,0,1,0,0,1,1,15,0,1,0,0,0
19,4984,1,0,0,0,0,0,0,15,0,0,0,1,1,88,0,0,0,0,0
19,5805,1,0,0,0,0,0,0,0,0,0,0,0,0,7,0,0,1,0,1
19,2485,,,,,,,,,,,,,,,,,,,
19,3255,1,0,0,0,3,1,12,0,2,0,0,1,0,30,0,1,0,0,0
19,4276,1,0,0,0,0,0,0,0,3,0,0,1,0,30,0,0,1,0,0
20,294,1,0,1,0,1,0,12,0,2,0,0,1,0,20,0,1,1,1,0
20,4763,1,0,0,0,0,0,1,0,2,0,0,0,0,30,0,0,0,1,0
20,5851,1,0,0,0,0,0,3,0,3,0,0,1,1,30,0,0,0,0,0
20,6479,1,0,0,0,0,2,2,0,0,0,0,0,0,30,90,1,1,1,0
20,7445,1,0,3,0,1,0,8,0,5,0,0,0,0,20,0,0,0,0,0
20,3647,1,2,4,0,0,7,8,0,1,0,0,1,0,30,0,0,0,0,0
21,5107,1,0,0,0,0,0,0,1,1,0,0,1,0,30,40,0,0,0,0
21,7157,1,2,1,0,0,2,4,0,3,0,0,0,0,3,0,0,0,0,0
21,4419,1,0,0,1,0,0,0,4,1,0,0,1,1,17,0,0,0,0,0
21,6695,1,0,3,0,0,0,2,0,0,0,0,1,1,35,60,0,0,0,0
21,2543,0,0,3,0,0,1,2,0,4,0,0,0,0,0,0,0,0,0,0
21,3889,1,0,0,0,0,0,0,3,4,0,0,1,1,25,0,0,0,0,0
22,812,1,0,0,0,2,0,0,0,0,0,0,1,0,20,20,1,0,0,0
22,4583,1,0,0,0,3,0,0,0,0,0,0,0,0,2,135,0,1,0,0
22,7459,0,0,0,0,0,0,1,0,2,0,0,0,0,0,0,0,0,0,1
22,7042,1,0,3,0,0,0,1,0,5,0,0,1,0,30,0,0,0,0,0
22,5514,0,0,0,0,0,0,0,9,3,0,0,1,1,30,0,0,0,0,0
22,399,0,0,0,0,0,0,0,0,3,0,0,0,0,30,0,0,1,0,0
23,2443,1,0,3,0,2,1,3,0,3,0,0,1,1,25,0,0,0,0,0
23,5526,1,0,2,0,1,0,2,0,1,0,0,0,0,0,0,0,0,1,0
23,3749,1,0,2,0,1,0,0,0,0,0,0,1,1,25,0,0,0,0,0
23,6885,1,0,0,0,0,0,0,3,0,0,0,0,0,30,80,0,0,1,0
23,3965,1,0,0,3,0,0,0,1,3,0,0,0,0,5,0,0,0,0,0
23,3128,0,0,0,0,0,0,0,0,0,0,0,1,1,30,0,0,0,0,1
24,2945,1,0,0,0,0,0,0,0,0,0,0,1,1,40,0,0,0,0,0
24,5199,1,0,0,0,4,2,6,0,7,0,0,1,1,30,0,1,0,0,0
24,5025,1,0,1,0,2,1,4,0,2,0,0,1,1,35,0,0,0,0,0
24,4984,1,0,0,0,0,0,0,13,0,0,0,1,0,20,0,0,0,0,0
24,2240,1,0,3,0,0,0,3,0,0,0,0,1,1,30,0,1,0,0,0
24,3255,1,0,0,0,3,0,9,0,3,0,0,1,1,35,0,1,0,0,0
25,4276,1,0,0,0,0,0,1,0,7,0,0,1,0,28,0,1,0,0,0
25,6960,0,0,0,0,0,0,1,0,4,0,0,1,0,30,20,0,1,0,0
25,1266,0,0,0,0,0,0,0,0,0,0,0,0,0,5,105,0,0,1,0
25,2658,1,2,1,0,0,3,10,0,3,0,0,1,0,15,0,1,0,1,0
25,8006,1,0,0,0,0,0,0,0,1,0,0,0,0,0,0,0,0,0,1
25,3341,1,0,0,0,3,0,0,0,0,0,0,0,0,0,0,0,0,0,1
26,5805,0,0,0,0,0,0,0,0,0,0,0,0,0,0,0,1,0,0,0
26,3859,1,0,3,0,0,3,6,0,0,0,0,1,1,20,0,0,0,1,0
26,4698,1,0,0,0,0,0,0,0,3,0,0,1,1,12,10,1,0,0,0
26,968,1,0,0,0,0,0,0,0,0,0,0,0,0,0,110,1,1,1,0
26,4763,1,0,0,0,0,0,0,0,2,0,0,0,0,20,0,0,0,0,1
26,3882,1,0,3,0,0,1,3,0,4,0,0,1,1,15,0,0,0,0,0
27,7607,,,,,,,,,,,,,,,,,,,
27,2485,1,0,2,0,1,0,0,0,0,0,0,1,1,40,0,0,0,1,0
27,4738,1,0,0,0,0,0,0,0,0,0,0,1,1,30,0,0,0,0,1
27,6704,1,0,1,0,2,0,6,0,1,0,0,1,1,35,0,0,0,0,0
27,4919,1,0,2,0,0,0,0,0,0,0,0,1,1,60,0,0,0,0,0
27,7706,1,0,0,0,0,0,0,0,0,0,0,0,0,0,0,0,0,0,1
28,5678,1,0,0,0,0,0,0,0,0,0,0,0,0,0,0,0,0,0,1
28,2984,1,0,0,0,3,0,0,0,0,0,0,1,1,30,0,0,0,0,1
28,2839,1,0,1,0,2,0,0,0,8,0,0,1,1,24,0,1,1,0,0
28,5137,1,0,1,0,2,6,2,0,2,0,0,1,0,40,0,0,0,0,0
28,7326,1,0,1,0,2,0,0,0,3,0,0,0,0,0,0,0,0,0,0
28,1159,1,0,2,0,0,2,1,0,3,0,0,1,1,30,0,0,0,0,0
29,4486,1,0,0,0,0,0,0,1,4,0,0,1,0,20,0,0,0,0,0
29,1572,1,0,0,0,3,0,4,0,3,0,0,0,0,0,0,0,0,0,0
29,2437,1,0,0,0,0,0,0,7,3,0,0,1,0,13,0,0,0,0,0
29,6479,1,0,0,0,1,0,0,0,0,0,0,0,0,3,80,0,0,1,0
29,1622,1,0,0,0,0,0,0,0,0,0,0,0,0,0,120,0,0,1,0
29,5496,1,0,2,0,1,0,5,0,5,0,0,1,0,10,0,0,0,0,0
30,3341,1,0,0,0,0,0,0,1,2,0,0,1,1,50,0,0,1,0,1
30,294,1,0,3,0,0,0,5,0,2,0,0,1,0,30,0,1,0,0,0
30,2543,1,0,0,0,0,0,0,0,0,0,0,0,0,0,0,0,0,1,1
30,3749,1,0,3,0,0,0,1,0,3,0,0,1,0,25,0,0,0,0,0
30,4583,1,0,1,0,2,0,0,0,0,0,0,0,0,0,120,0,1,1,0
30,4984,1,0,0,0,0,0,0,10,0,0,0,1,1,40,0,1,0,0,0
31,8006,1,0,0,0,0,0,0,0,0,0,0,0,0,0,0,0,1,0,1
31,1266,0,0,0,0,0,0,0,0,0,0,0,0,0,0,0,0,0,0,0
31,2443,1,0,4,0,0,1,1,0,2,0,0,1,1,25,0,1,0,0,0
31,3255,0,0,0,0,0,0,12,0,3,0,0,1,1,30,0,1,0,1,0
31,6695,1,0,0,0,0,0,0,0,0,0,0,1,1,40,0,0,0,0,0
31,5199,1,0,0,0,4,0,5,0,8,0,0,1,1,40,0,0,0,0,0
32,6960,1,0,2,0,0,0,0,0,0,0,0,1,1,32,110,0,0,1,0
32,4738,1,0,0,0,1,0,2,0,2,0,0,1,1,41,0,0,0,0,0
32,5526,1,0,3,0,0,2,8,0,1,0,0,0,0,0,0,0,0,0,0
32,5025,1,0,2,0,1,3,3,0,3,0,0,1,0,35,0,0,0,0,0
32,7607,0,0,0,0,0,0,0,0,0,0,0,0,0,0,120,0,0,0,0
32,3882,1,0,3,0,0,0,0,0,8,0,0,1,0,30,0,1,1,0,0
33,2984,1,0,0,0,0,0,0,0,0,0,0,1,0,30,0,0,0,0,1
33,3128,1,0,0,0,3,0,0,0,0,0,0,1,0,36,0,1,0,0,0
33,5514,1,0,0,0,0,0,0,8,0,0,0,0,0,10,0,0,0,0,0
33,4276,1,0,0,0,0,1,1,0,6,0,0,1,0,25,0,0,0,0,0
33,968,0,0,0,0,0,0,0,0,0,0,0,0,0,0,120,0,0,0,0
33,5851,1,0,0,0,3,0,3,0,3,0,0,1,0,33,0,0,1,0,0
34,7459,1,0,0,0,0,0,4,0,3,0,0,1,0,28,0,0,0,0,0
34,6479,1,0,1,0,0,1,9,0,5,0,0,0,0,10,0,0,0,0,0
34,3859,1,0,3,0,0,0,3,0,1,0,0,1,1,30,10,0,0,1,0
34,3889,1,0,0,0,0,0,0,7,1,0,0,1,0,25,0,0,0,0,0
34,5678,1,0,0,0,0,0,0,0,2,0,0,0,0,0,0,1,0,0,0
34,6704,1,0,1,0,2,0,3,0,2,0,0,1,1,40,0,0,0,0,0
35,7326,1,0,2,0,0,0,2,0,1,0,0,1,0,25,0,0,0,0,0
35,2658,1,0,3,0,0,0,6,0,11,0,0,1,1,20,0,1,0,0,0
35,4919,1,0,3,0,0,0,1,0,0,0,0,1,0,20,0,0,0,0,0
35,4763,1,0,0,0,0,0,0,0,0,0,0,0,0,0,0,0,0,0,0
35,7042,1,0,2,0,1,0,3,0,0,0,0,0,0,30,40,0,0,1,0
35,2437,1,0,0,0,0,0,0,11,4,0,0,0,0,10,0,0,0,0,0
36,4698,1,0,2,0,0,0,0,0,6,0,0,1,1,18,0,0,0,1,0
36,3965,1,0,0,0,3,0,0,2,5,0,0,0,0,2,0,0,0,0,0
36,7706,1,0,0,0,0,0,0,0,0,0,0,0,0,0,30,0,0,1,0
36,5496,1,0,3,0,0,0,8,0,6,0,0,0,0,15,0,1,0,0,0
36,5805,1,0,0,0,0,0,1,0,6,0,0,0,0,0,0,0,0,0,0
36,7157,1,0,3,0,0,0,0,0,0,0,0,0,0,20,36,0,0,1,0
37,4419,1,0,0,3,0,0,0,2,0,0,0,1,1,20,0,0,0,0,0
37,1622,1,0,0,0,0,0,0,0,2,0,0,0,0,2,0,0,0,0,1
37,2485,1,0,2,0,1,1,4,0,3,0,0,1,0,40,0,0,0,0,0
37,7445,1,2,3,0,0,0,3,0,3,0,0,0,0,10,0,1,0,0,0
37,812,1,0,0,3,0,0,3,4,0,0,0,1,0,30,0,1,0,0,0
37,2839,1,0,1,0,1,0,1,0,2,0,0,0,0,20,0,1,0,0,0
38,1159,1,0,0,0,1,0,6,0,0,0,0,1,1,35,0,0,0,0,0
38,2945,1,0,0,0,3,0,1,0,0,0,0,1,1,35,0,0,0,0,1
38,6885,1,0,0,0,0,0,0,1,0,0,0,1,1,10,0,1,0,0,0
38,1572,1,0,0,0,3,0,1,0,0,0,0,0,0,0,0,0,0,0,1
38,5137,1,0,3,0,0,2,10,0,2,0,0,1,0,30,0,0,0,0,0
38,5107,1,0,0,0,0,0,0,0,0,0,0,0,0,40,0,0,0,0,1
39,3647,1,0,6,0,0,1,3,0,5,0,0,1,1,40,0,0,0,0,0
39,4486,1,0,0,0,0,0,0,2,4,0,0,0,0,0,0,1,0,0,0
39,294,1,0,0,0,0,0,9,0,7,0,0,1,1,25,5,1,1,0,0
39,6695,1,0,0,0,4,0,0,0,1,0,0,1,0,25,0,0,0,0,0
39,399,1,0,0,0,0,0,0,0,0,0,0,1,0,30,100,0,0,1,0
39,2240,1,2,1,0,0,5,2,0,0,0,0,1,0,10,0,0,0,0,0
40,3255,1,0,3,0,0,1,11,0,0,0,0,1,1,42,0,1,0,0,0
40,7326,1,0,0,0,3,0,0,0,0,0,0,1,0,36,0,0,1,0,0
40,4738,1,0,0,0,0,5,2,0,1,0,0,1,0,25,0,0,0,0,0
40,3859,1,0,2,0,1,0,0,0,0,0,0,1,0,40,0,0,0,1,0
40,3341,1,0,0,0,3,0,0,0,1,0,0,1,0,30,0,0,0,0,0
40,3749,1,0,0,0,3,0,1,0,2,0,0,1,0,36,0,0,0,0,0
41,5851,0,0,0,0,3,0,1,0,3,0,0,1,1,20,0,0,0,0,0
41,7157,1,1,1,0,1,0,3,0,7,0,0,0,0,0,0,0,0,1,0
41,3889,1,0,0,0,0,0,0,6,0,0,0,1,1,35,15,0,0,0,0
41,2437,1,0,0,0,0,0,0,11,5,0,0,1,1,17,0,1,0,0,0
41,5025,0,0,0,0,3,0,9,0,3,0,0,1,0,30,0,0,0,0,0
41,4583,0,0,0,0,3,0,0,0,0,0,0,0,0,0,100,0,0,1,0
42,2485,1,0,2,0,1,0,0,0,0,0,0,1,0,50,0,0,0,1,0
42,4984,1,0,0,0,0,0,0,10,0,0,0,1,1,40,0,0,0,1,0
42,6479,1,0,0,0,0,0,2,0,4,0,0,0,0,5,20,0,0,1,0
42,1266,1,0,0,0,0,0,0,0,0,0,0,0,0,20,130,1,0,0,0
42,7042,1,0,3,0,0,1,3,0,2,0,0,1,1,40,0,0,0,0,0
42,4698,1,0,2,0,1,0,1,0,1,0,0,1,1,30,0,1,0,0,0
43,2443,1,0,0,0,4,0,2,0,1,0,0,1,1,24,0,1,0,0,0
43,1159,1,0,2,0,1,0,0,0,1,0,0,1,0,11,0,0,0,0,0
43,1622,1,0,0,0,0,0,0,0,0,0,0,0,0,20,50,0,1,1,0
43,6960,1,2,1,0,0,0,5,0,2,0,0,1,0,30,0,0,0,0,0
43,5514,1,0,0,0,0,0,0,4,0,0,0,1,0,30,0,0,0,0,0
43,4419,1,0,0,3,0,0,3,0,4,0,0,1,1,25,0,0,0,1,0
44,2945,1,0,1,0,2,0,2,0,0,0,0,1,1,30,0,0,0,0,0
44,5496,1,0,2,0,1,1,8,0,3,0,0,0,0,0,0,1,0,0,0
44,4486,1,0,0,0,0,0,0,1,9,0,0,1,1,25,0,1,0,0,0
44,4763,1,0,0,0,0,1,0,0,2,0,0,0,0,0,0,0,0,0,1
44,5526,1,0,2,0,1,0,6,0,5,0,0,0,0,75,0,0,0,0,0
44,812,1,0,0,3,0,0,0,1,1,0,0,0,0,10,0,0,0,0,0
45,3128,1,0,1,0,2,1,2,0,0,0,0,1,1,40,0,1,0,0,0
45,6704,1,0,3,0,0,0,0,0,3,0,0,1,1,35,0,0,1,1,0
45,8006,1,0,0,0,0,0,0,0,0,0,0,0,0,0,0,0,1,0,0
45,2839,0,0,0,0,0,0,0,0,0,0,0,0,0,0,100,0,0,0,0
45,3647,1,2,4,0,0,3,13,0,0,0,0,1,0,40,0,0,0,0,0
45,5805,1,0,1,0,2,0,1,0,1,0,0,0,0,0,0,0,0,0,0
46,5199,1,0,3,0,2,2,0,0,16,0,0,1,1,35,0,0,0,0,0
46,2658,1,0,3,0,0,0,5,0,3,0,0,1,1,30,0,1,0,0,0
46,5678,1,0,0,0,0,0,0,0,2,0,0,0,0,15,0,0,0,0,0
46,1572,1,0,3,0,0,0,4,1,0,0,0,1,0,30,0,0,0,0,0
46,2984,1,0,0,0,1,0,0,0,2,0,0,1,1,30,0,0,0,0,0
46,3965,1,0,0,0,0,0,2,0,2,0,0,0,0,0,0,1,0,0,1
47,399,1,0,0,0,0,0,0,0,10,0,0,1,0,22,0,0,0,0,0
47,7607,1,0,0,0,0,0,0,0,0,0,0,1,0,30,60,0,0,0,1
47,6885,1,0,0,0,0,0,0,1,2,0,0,0,0,0,0,0,0,0,1
47,2543,1,0,3,0,0,0,0,0,0,0,0,0,0,0,0,0,0,0,1
47,4276,1,0,0,0,0,0,5,0,4,0,0,1,0,30,0,0,0,0,0
47,7445,1,0,3,0,1,0,1,0,8,0,0,0,0,5,0,1,1,0,0
48,4919,1,1,1,0,1,0,0,0,0,0,0,1,1,40,0,0,0,1,0
48,968,1,0,1,0,2,0,0,0,0,0,0,0,0,20,100,0,0,0,1
48,5137,1,2,0,0,0,2,7,0,1,0,0,1,0,35,0,0,0,0,0
48,7706,1,0,2,0,1,0,0,0,3,0,0,0,0,0,0,1,0,1,0
48,7459,1,0,0,0,0,0,1,0,2,0,0,1,1,35,60,0,0,1,0
48,2240,1,0,1,0,2,0,4,0,3,0,0,1,1,30,0,1,1,0,0
49,3882,1,0,3,0,0,0,8,0,4,0,0,1,1,23,0,1,0,0,0
49,5851,1,0,1,0,2,0,2,0,1,0,0,1,1,32,0,0,0,0,0
49,4583,1,0,3,0,0,0,0,0,0,0,0,0,0,5,130,0,0,1,0
49,5107,1,0,0,0,0,0,1,0,1,0,0,1,0,25,0,0,0,1,0
49,4486,1,0,0,0,1,0,0,2,9,0,0,1,0,35,0,1,0,0,0
49,2443,1,1,3,0,0,1,7,0,2,0,0,1,1,10,0,1,0,0,0
50,5514,1,0,0,0,0,0,0,7,2,0,0,1,1,40,0,0,0,0,0
50,4698,1,0,3,0,0,2,4,0,0,0,0,1,0,23,0,1,0,0,0
50,2945,1,0,2,0,1,0,0,0,0,0,0,1,0,25,130,0,0,1,0
50,3128,1,0,0,0,0,0,4,0,0,0,0,1,1,30,0,1,0,0,0
50,2437,1,0,0,0,0,0,0,0,0,0,0,0,0,0,0,1,0,0,0
50,3859,1,0,3,0,0,3,10,0,0,0,0,1,0,33,0,0,0,0,0
51,3965,1,0,0,0,0,0,0,3,2,0,0,1,0,5,0,0,0,1,0
51,1266,1,0,0,0,0,0,0,0,0,0,0,0,0,30,135,0,0,0,0
51,3647,,,,,,,,,,,,,,,,,,,
51,2839,0,0,3,0,0,0,0,0,0,0,0,1,0,30,120,0,1,1,0
51,6960,1,0,2,0,1,1,2,0,3,0,0,1,0,35,0,0,0,0,0
51,7326,,,,1,0,2,0,1,0,0,0,0,0,0,0,0,0,0,1
52,7445,1,0,0,0,0,0,0,0,0,0,0,1,1,20,0,0,0,0,0
52,1572,1,0,2,0,1,0,4,0,2,0,0,1,1,22,0,0,0,0,0
52,3749,1,0,3,0,0,0,0,0,3,0,0,1,1,25,0,0,0,0,0
52,812,1,0,0,0,3,0,0,3,0,0,0,0,0,15,0,1,0,0,0
52,6704,1,1,1,0,1,0,2,0,3,0,0,1,1,45,0,0,0,0,0
52,4984,1,0,0,0,0,0,0,8,3,0,0,1,1,36,0,0,0,0,0
53,5805,0,0,0,0,2,0,0,0,5,0,0,1,0,5,0,0,0,1,0
53,3889,1,0,0,0,0,0,0,3,0,0,0,1,1,28,0,0,0,0,0
53,6885,1,0,0,0,0,0,0,3,0,0,0,0,0,5,0,0,0,0,0
53,968,,,,,,,,,,,,,,,,,,,
53,4738,0,0,0,0,0,0,0,0,0,0,0,0,0,0,0,0,0,0,1
53,1622,1,0,0,0,0,0,0,0,0,0,0,0,0,0,0,0,0,0,1
54,399,1,0,0,0,0,0,0,0,3,0,0,0,0,0,40,0,0,1,0
54,4419,1,0,3,0,0,0,0,0,3,0,0,1,0,35,0,0,0,0,0
54,4919,1,1,1,0,1,0,0,0,3,0,0,1,0,30,0,0,0,0,0
54,2984,1,1,2,0,0,0,1,0,3,0,0,1,1,36,0,0,0,0,0
54,6479,1,0,0,0,3,1,8,0,8,0,0,0,0,7,0,1,1,0,0
54,7157,1,0,0,0,0,1,3,0,2,0,0,0,0,0,0,0,0,1,0
55,1159,1,0,0,0,0,0,2,1,0,0,0,1,1,35,0,0,0,0,0
55,4276,1,0,0,0,0,0,2,0,8,0,0,1,0,15,0,1,0,0,0
55,4763,1,0,0,0,0,0,2,0,1,0,0,0,0,5,80,0,0,1,0
55,7459,1,0,0,0,0,0,0,0,3,0,0,1,0,35,100,0,0,1,0
55,6695,1,1,2,0,1,0,0,0,6,0,0,1,0,45,0,0,0,0,0
55,5526,1,0,2,0,1,0,1,0,5,0,0,0,0,4,0,0,1,0,0
56,5199,1,0,0,0,0,1,0,0,15,0,0,1,1,45,0,0,0,0,0
56,3341,1,0,0,0,0,0,0,3,0,0,0,1,1,33,100,0,0,0,0
56,7042,,,,,,,,,,,,,,,,,,,
56,5025,1,0,2,0,1,2,3,0,3,0,0,1,1,30,0,0,0,0,0
56,7706,1,0,0,0,1,0,0,0,4,0,0,0,0,0,0,0,0,0,0
56,294,1,0,3,0,0,0,8,0,2,0,0,1,1,20,0,1,0,0,0
57,7607,1,0,0,0,0,0,0,1,2,0,0,1,0,45,20,0,0,0,0
57,2240,1,2,1,0,0,1,4,0,0,0,0,1,1,28,0,0,0,0,0
57,5107,1,0,0,0,0,0,2,0,2,0,0,0,0,10,0,0,0,0,0
57,8006,1,0,0,3,0,0,0,0,0,0,0,0,0,0,0,0,0,0,0
57,2485,1,0,1,0,2,0,3,0,0,0,0,1,1,35,0,0,0,0,0
57,5678,1,0,0,0,0,0,0,0,1,0,0,0,0,10,0,0,0,0,0
58,3255,1,0,4,0,1,0,13,0,0,0,0,1,0,30,0,1,0,0,0
58,3882,1,0,2,0,1,0,5,0,0,0,0,1,0,33,0,0,0,0,0
58,5496,1,0,2,0,1,2,9,0,0,0,0,0,0,5,0,1,0,0,0
58,2543,1,0,0,0,3,0,0,0,0,0,0,0,0,0,0,0,0,0,1
58,5137,1,0,3,0,0,0,1,0,0,0,0,1,1,30,20,0,0,1,0
58,2658,1,0,3,0,0,0,5,0,7,0,0,1,0,15,0,1,0,0,0
59,6704,1,0,2,0,1,0,2,0,2,0,0,1,0,20,0,0,0,0,0
59,4419,1,0,0,3,0,0,0,5,0,0,0,1,1,43,0,0,0,0,0
59,7326,1,0,2,0,1,0,0,0,0,0,0,1,0,25,100,0,0,1,0
59,4486,1,0,2,0,1,4,4,0,2,0,0,1,1,30,0,1,0,1,0
59,6960,1,0,2,0,1,0,3,0,2,0,0,0,0,12,0,0,0,0,0
59,4698,1,0,2,0,1,0,8,0,1,0,0,1,1,30,0,0,0,0,0
60,4583,1,0,3,0,0,0,0,0,0,0,0,1,0,30,0,0,0,0,0
60,7445,1,0,2,0,1,2,5,0,9,0,0,0,0,2,0,0,0,0,0
60,968,1,0,0,0,0,0,0,0,0,0,0,0,0,5,0,0,0,1,0
60,3965,1,0,0,0,0,0,0,0,0,0,0,0,0,0,0,0,0,0,1
60,2437,1,0,0,3,0,0,0,4,1,0,0,0,0,10,0,0,0,0,0
60,6695,1,0,2,0,2,0,0,0,0,0,0,0,0,40,0,0,0,0,0
61,5805,1,0,0,0,0,0,0,0,3,0,0,0,0,0,0,0,0,0,0
61,5199,1,0,3,0,2,0,7,0,11,0,0,1,1,40,0,1,0,0,0
61,294,1,0,3,0,0,0,15,0,0,0,0,1,1,25,0,0,0,0,0
61,5514,1,0,0,0,0,0,0,10,3,0,0,1,1,35,0,0,0,0,0
61,6885,1,0,0,0,0,0,0,1,3,0,0,0,0,25,0,0,1,1,0
61,4919,1,0,0,0,3,0,0,0,0,0,0,1,1,50,0,0,0,0,1
62,3859,1,2,1,0,0,0,6,0,1,0,0,1,1,26,0,0,0,0,0
62,5526,1,0,4,0,1,1,5,0,5,0,0,0,0,0,0,0,1,1,0
62,1572,1,0,1,0,2,0,6,0,0,0,0,0,0,0,0,1,0,0,0
62,7157,1,0,0,0,0,2,8,0,0,0,0,0,0,0,0,0,0,0,0
62,399,1,0,0,0,0,0,0,1,4,0,0,1,0,25,0,0,0,0,0
62,1266,1,0,0,0,0,0,0,0,0,0,0,0,0,15,120,0,0,1,0
63,4738,1,0,0,0,2,1,1,0,2,0,0,1,1,25,0,0,0,0,0
63,7042,1,0,0,0,3,0,4,0,1,0,0,1,1,35,0,0,0,0,0
63,2984,1,0,2,0,1,0,0,0,0,0,0,1,1,15,0,0,0,0,0
63,5496,1,1,2,0,0,0,9,0,0,0,0,1,0,20,0,1,0,0,0
63,8006,1,0,0,0,0,0,0,0,0,0,0,0,0,10,110,1,0,1,0
63,5107,1,0,0,0,0,0,2,0,2,0,0,0,0,5,0,0,0,0,0
64,3341,1,0,0,0,1,0,0,0,0,0,0,1,0,20,0,0,0,0,0
64,1159,1,0,3,0,0,0,6,0,1,0,0,1,1,37,0,0,0,0,0
64,7459,1,0,0,0,0,0,1,0,4,0,0,1,1,25,50,0,0,1,0
64,5851,1,0,0,0,0,1,3,0,6,0,0,1,0,37,0,0,0,0,0
64,3647,1,2,4,0,0,2,7,0,8,0,0,0,0,0,0,0,0,0,0
64,2485,1,0,1,0,2,0,2,0,3,0,0,1,1,47,0,0,0,0,0
65,2240,1,0,2,0,1,1,1,0,0,0,0,1,1,48,0,0,0,0,0
65,2443,1,1,3,0,0,0,2,0,4,0,0,1,1,30,0,1,0,0,0
65,2839,0,0,1,0,2,0,0,0,0,0,0,1,1,34,100,0,0,1,0
65,3749,1,0,1,0,2,0,1,0,3,0,0,1,0,30,0,0,0,0,0
65,7706,1,0,1,0,2,0,2,0,2,0,0,0,0,5,0,1,0,0,0
65,4763,1,0,0,0,0,0,1,0,2,0,0,0,0,15,0,0,0,0,0
66,2658,1,0,2,0,0,2,12,0,2,0,0,1,0,20,0,0,0,0,0
66,3889,1,0,0,0,0,0,0,3,0,0,0,1,0,39,40,0,0,0,0
66,4984,1,0,0,2,1,0,0,3,2,0,0,0,0,5,0,0,0,0,0
66,5137,1,0,0,0,0,2,0,0,0,0,0,1,1,20,0,0,0,0,0
66,3128,0,0,0,0,0,0,1,0,1,0,0,0,0,0,0,0,0,0,0
66,7607,1,0,0,0,0,0,0,2,1,0,0,0,0,10,100,0,0,1,0
67,6479,1,0,3,0,1,4,6,0,10,0,0,0,0,0,0,1,0,0,0
67,5025,1,0,2,0,1,1,4,0,2,0,0,1,0,30,0,0,0,0,0
67,4276,1,0,1,0,1,1,3,0,0,0,0,1,0,30,0,0,0,0,0
67,2945,1,0,2,0,0,0,0,0,2,0,0,1,1,35,0,0,0,0,0
67,812,1,0,0,0,3,0,0,2,1,0,0,0,0,55,0,0,0,0,0
67,2543,1,0,3,0,0,0,1,0,0,0,0,1,0,26,0,0,0,0,0
68,5678,0,0,0,0,0,0,0,0,0,0,0,0,0,0,0,0,0,0,0
68,3255,1,0,3,0,1,0,0,0,1,0,0,1,1,39,30,1,1,1,0
68,399,1,0,0,0,0,0,0,0,1,0,0,1,0,31,20,0,0,0,0
68,1622,1,0,0,0,0,0,0,0,0,0,0,0,0,0,100,0,0,1,0
68,3882,1,0,1,0,2,0,9,0,1,0,0,1,1,20,0,1,0,0,0
68,7042,1,0,0,0,3,0,3,0,3,0,0,1,1,30,0,0,0,0,0
69,2984,1,0,2,0,0,0,5,0,3,0,0,1,1,20,0,0,0,0,0
69,6885,0,0,0,0,0,0,0,0,0,0,0,0,0,0,0,0,0,0,0
69,6960,1,0,3,0,0,0,5,0,4,0,0,1,0,23,0,0,0,0,0
69,4486,1,0,0,0,0,0,0,6,5,0,0,0,0,0,0,0,0,0,0
69,3859,1,0,3,0,0,0,8,0,5,0,0,1,1,30,0,0,0,0,0
69,2485,1,0,3,0,0,0,7,0,1,0,0,1,1,30,0,0,0,0,0
70,6695,1,0,0,0,4,0,0,0,2,0,0,1,0,10,50,0,0,0,0
70,2443,1,0,0,0,3,0,4,0,6,0,0,1,1,30,0,1,0,0,0
70,1572,1,0,2,0,1,0,3,0,0,0,0,0,0,5,30,0,0,0,0
70,2839,1,0,0,0,1,0,0,0,0,0,0,1,0,25,100,0,1,1,0
70,4698,1,0,3,0,0,1,8,0,4,0,0,0,0,0,0,1,1,0,0
70,3341,1,0,0,0,3,0,0,0,0,0,0,1,0,10,0,1,1,0,0
71,5496,1,0,3,0,0,0,1,0,1,0,0,1,0,20,0,0,0,0,0
71,7445,1,0,2,0,0,0,3,0,1,0,0,0,0,0,45,1,0,0,0
71,5514,1,0,0,0,0,0,0,8,0,0,0,1,0,27,20,0,0,0,0
71,3889,1,0,0,0,0,2,1,0,2,0,0,1,0,30,0,0,0,1,0
71,3749,1,0,2,0,1,2,1,0,1,0,0,1,1,40,0,0,0,0,0
71,8006,1,0,0,0,0,0,0,0,0,0,0,0,0,0,85,0,0,0,0
72,3647,1,2,3,0,1,0,5,0,5,0,0,1,1,28,0,0,0,1,0
72,2240,0,0,0,0,0,0,0,0,0,0,0,0,0,0,60,0,0,0,0
72,2658,1,0,2,0,1,0,8,0,3,0,0,1,1,30,0,0,0,0,0
72,4583,1,0,2,0,1,0,0,0,0,0,0,0,0,5,90,0,0,1,0
72,4738,1,0,0,0,3,3,3,0,4,0,0,1,0,15,0,0,0,0,0
72,4419,1,0,0,3,0,0,0,4,3,0,0,1,1,20,0,0,0,0,0
73,7326,0,0,0,0,0,1,3,0,0,0,0,1,0,40,0,0,0,0,0
73,5805,1,0,0,0,3,0,2,0,5,0,0,0,0,0,0,0,0,1,0
73,968,1,0,0,0,0,0,0,0,0,0,0,0,0,20,130,0,1,1,0
73,5526,,,,,,,,,,,,,,,,,,,
73,6479,1,0,1,0,2,3,13,0,9,0,0,0,0,4,0,1,0,0,0
73,5137,1,0,3,0,0,0,4,0,2,0,0,1,1,10,0,0,0,0,0
74,4984,1,0,0,3,0,0,0,9,6,0,0,1,1,20,0,1,1,1,0
74,5025,1,0,1,0,2,1,3,0,3,0,0,1,1,33,0,0,0,0,0
74,1622,1,0,0,0,0,0,0,0,0,0,0,0,0,0,130,1,1,1,0
74,4763,1,0,3,0,0,0,2,0,0,0,0,0,0,0,20,0,0,0,0
74,5107,1,0,0,0,0,0,0,0,3,0,0,0,0,10,0,0,0,0,0
74,4919,0,0,2,0,1,0,0,0,1,0,0,1,1,50,0,0,0,0,0
75,2543,1,0,3,0,0,0,0,0,0,0,0,1,0,60,0,0,0,0,0
75,7706,1,0,0,0,2,0,3,0,1,0,0,0,0,33,0,1,0,0,0
75,1266,0,0,0,0,0,0,0,0,0,0,0,0,0,15,130,0,0,1,0
75,5678,1,0,0,0,3,0,0,0,0,0,0,0,0,0,0,0,0,1,0
75,2945,1,0,3,0,0,0,0,0,4,0,0,1,1,40,0,0,0,0,0
75,5851,1,0,0,0,0,0,3,0,3,0,0,1,1,40,0,0,0,0,0
76,294,,,,,,,,,,,,,,,,,,,
76,2437,,,,,,,,,,,,,,,,,,,
76,3255,,,,,,,,,,,,,,,,,,,
76,6704,,,,,,,,,,,,,,,,,,,
76,7459,,,,,,,,,,,,,,,,,,,
76,7607,,,,,,,,,,,,,,,,,,,
77,7157,,,,,,,,,,,,,,,,,,,
77,812,,,,,,,,,,,,,,,,,,,
77,5199,,,,,,,,,,,,,,,,,,,
77,3128,,,,,,,,,,,,,,,,,,,
77,1159,,,,,,,,,,,,,,,,,,,
77,3882,,,,,,,,,,,,,,,,,,,
78,4276,,,,,,,,,,,,,,,,,,,
78,3859,,,,,,,,,,,,,,,,,,,
78,3889,,,,,,,,,,,,,,,,,,,
78,3965,,,,,,,,,,,,,,,,,,,
78,2443,,,,,,,,,,,,,,,,,,,
78,7042,,,,,,,,,,,,,,,,,,,
79,6695,,,,,,,,,,,,,,,,,,,
79,8006,,,,,,,,,,,,,,,,,,,
79,5025,,,,,,,,,,,,,,,,,,,
79,7326,,,,,,,,,,,,,,,,,,,
79,1572,,,,,,,,,,,,,,,,,,,
79,6885,,,,,,,,,,,,,,,,,,,
80,5526,,,,,,,,,,,,,,,,,,,
80,4698,,,,,,,,,,,,,,,,,,,
80,3647,,,,,,,,,,,,,,,,,,,
80,4919,,,,,,,,,,,,,,,,,,,
80,5678,,,,,,,,,,,,,,,,,,,
80,2543,,,,,,,,,,,,,,,,,,,
81,4984,,,,,,,,,,,,,,,,,,,
81,2839,,,,,,,,,,,,,,,,,,,
81,399,,,,,,,,,,,,,,,,,,,
81,5496,,,,,,,,,,,,,,,,,,,
81,5851,,,,,,,,,,,,,,,,,,,
81,4738,,,,,,,,,,,,,,,,,,,
82,7706,,,,,,,,,,,,,,,,,,,
82,3128,,,,,,,,,,,,,,,,,,,
82,3255,,,,,,,,,,,,,,,,,,,
82,1159,,,,,,,,,,,,,,,,,,,
82,4486,,,,,,,,,,,,,,,,,,,
82,7445,,,,,,,,,,,,,,,,,,,
83,2240,,,,,,,,,,,,,,,,,,,
83,3882,,,,,,,,,,,,,,,,,,,
83,3341,,,,,,,,,,,,,,,,,,,
83,3965,,,,,,,,,,,,,,,,,,,
83,5514,,,,,,,,,,,,,,,,,,,
83,6479,,,,,,,,,,,,,,,,,,,
84,2437,,,,,,,,,,,,,,,,,,,
84,7607,,,,,,,,,,,,,,,,,,,
84,812,,,,,,,,,,,,,,,,,,,
84,1266,,,,,,,,,,,,,,,,,,,
84,5805,,,,,,,,,,,,,,,,,,,
84,2984,,,,,,,,,,,,,,,,,,,
85,5137,,,,,,,,,,,,,,,,,,,
85,4419,,,,,,,,,,,,,,,,,,,
85,4763,,,,,,,,,,,,,,,,,,,
85,4583,,,,,,,,,,,,,,,,,,,
85,4276,,,,,,,,,,,,,,,,,,,
85,6704,,,,,,,,,,,,,,,,,,,
86,5199,,,,,,,,,,,,,,,,,,,
86,5107,,,,,,,,,,,,,,,,,,,
86,6960,,,,,,,,,,,,,,,,,,,
86,3749,,,,,,,,,,,,,,,,,,,
86,7459,,,,,,,,,,,,,,,,,,,
86,968,,,,,,,,,,,,,,,,,,,
87,7157,,,,,,,,,,,,,,,,,,,
87,2485,,,,,,,,,,,,,,,,,,,
87,2658,,,,,,,,,,,,,,,,,,,
87,1622,,,,,,,,,,,,,,,,,,,
87,2945,,,,,,,,,,,,,,,,,,,
87,294,,,,,,,,,,,,,,,,,,,
88,,,,,,,,,,,,,,,,,,,,
88,,,,,,,,,,,,,,,,,,,,
88,,,,,,,,,,,,,,,,,,,,
88,,,,,,,,,,,,,,,,,,,,
88,,,,,,,,,,,,,,,,,,,,
88,,,,,,,,,,,,,,,,,,,,
89,,,,,,,,,,,,,,,,,,,,
89,,,,,,,,,,,,,,,,,,,,
89,,,,,,,,,,,,,,,,,,,,
89,,,,,,,,,,,,,,,,,,,,
89,,,,,,,,,,,,,,,,,,,,
89,,,,,,,,,,,,,,,,,,,,
90,,,,,,,,,,,,,,,,,,,,
90,,,,,,,,,,,,,,,,,,,,
90,,,,,,,,,,,,,,,,,,,,
90,,,,,,,,,,,,,,,,,,,,
90,,,,,,,,,,,,,,,,,,,,
90,,,,,,,,,,,,,,,,,,,,
91,,,,,,,,,,,,,,,,,,,,
91,,,,,,,,,,,,,,,,,,,,
91,,,,,,,,,,,,,,,,,,,,
91,,,,,,,,,,,,,,,,,,,,
91,,,,,,,,,,,,,,,,,,,,
91,,,,,,,,,,,,,,,,,,,,
92,,,,,,,,,,,,,,,,,,,,
92,,,,,,,,,,,,,,,,,,,,
92,,,,,,,,,,,,,,,,,,,,
92,,,,,,,,,,,,,,,,,,,,
92,,,,,,,,,,,,,,,,,,,,
92,,,,,,,,,,,,,,,,,,,,
93,,,,,,,,,,,,,,,,,,,,
93,,,,,,,,,,,,,,,,,,,,
93,,,,,,,,,,,,,,,,,,,,
93,,,,,,,,,,,,,,,,,,,,
93,,,,,,,,,,,,,,,,,,,,
93,,,,,,,,,,,,,,,,,,,,
94,,,,,,,,,,,,,,,,,,,,
94,,,,,,,,,,,,,,,,,,,,
94,,,,,,,,,,,,,,,,,,,,
94,,,,,,,,,,,,,,,,,,,,
94,,,,,,,,,,,,,,,,,,,,
94,,,,,,,,,,,,,,,,,,,,
95,,,,,,,,,,,,,,,,,,,,
95,,,,,,,,,,,,,,,,,,,,
95,,,,,,,,,,,,,,,,,,,,
95,,,,,,,,,,,,,,,,,,,,
95,,,,,,,,,,,,,,,,,,,,
95,,,,,,,,,,,,,,,,,,,,
96,,,,,,,,,,,,,,,,,,,,
96,,,,,,,,,,,,,,,,,,,,
96,,,,,,,,,,,,,,,,,,,,
96,,,,,,,,,,,,,,,,,,,,
96,,,,,,,,,,,,,,,,,,,,
96,,,,,,,,,,,,,,,,,,,,
97,,,,,,,,,,,,,,,,,,,,
97,,,,,,,,,,,,,,,,,,,,
97,,,,,,,,,,,,,,,,,,,,
97,,,,,,,,,,,,,,,,,,,,
97,,,,,,,,,,,,,,,,,,,,
97,,,,,,,,,,,,,,,,,,,,
98,,,,,,,,,,,,,,,,,,,,
98,,,,,,,,,,,,,,,,,,,,
98,,,,,,,,,,,,,,,,,,,,
98,,,,,,,,,,,,,,,,,,,,
98,,,,,,,,,,,,,,,,,,,,
98,,,,,,,,,,,,,,,,,,,,
99,,,,,,,,,,,,,,,,,,,,
99,,,,,,,,,,,,,,,,,,,,
99,,,,,,,,,,,,,,,,,,,,
99,,,,,,,,,,,,,,,,,,,,
99,,,,,,,,,,,,,,,,,,,,
99,,,,,,,,,,,,,,,,,,,,
100,,,,,,,,,,,,,,,,,,,,
100,,,,,,,,,,,,,,,,,,,,
100,,,,,,,,,,,,,,,,,,,,
100,,,,,,,,,,,,,,,,,,,,
100,,,,,,,,,,,,,,,,,,,,
100,,,,,,,,,,,,,,,,,,,,
101,,,,,,,,,,,,,,,,,,,,
101,,,,,,,,,,,,,,,,,,,,
101,,,,,,,,,,,,,,,,,,,,
101,,,,,,,,,,,,,,,,,,,,
101,,,,,,,,,,,,,,,,,,,,
101,,,,,,,,,,,,,,,,,,,,
102,,,,,,,,,,,,,,,,,,,,
102,,,,,,,,,,,,,,,,,,,,
102,,,,,,,,,,,,,,,,,,,,
102,,,,,,,,,,,,,,,,,,,,
102,,,,,,,,,,,,,,,,,,,,
102,,,,,,,,,,,,,,,,,,,,
103,,,,,,,,,,,,,,,,,,,,
103,,,,,,,,,,,,,,,,,,,,
103,,,,,,,,,,,,,,,,,,,,
103,,,,,,,,,,,,,,,,,,,,
103,,,,,,,,,,,,,,,,,,,,
103,,,,,,,,,,,,,,,,,,,,
104,,,,,,,,,,,,,,,,,,,,
104,,,,,,,,,,,,,,,,,,,,
104,,,,,,,,,,,,,,,,,,,,
104,,,,,,,,,,,,,,,,,,,,
104,,,,,,,,,,,,,,,,,,,,
104,,,,,,,,,,,,,,,,,,,,
105,,,,,,,,,,,,,,,,,,,,
105,,,,,,,,,,,,,,,,,,,,
105,,,,,,,,,,,,,,,,,,,,
105,,,,,,,,,,,,,,,,,,,,
105,,,,,,,,,,,,,,,,,,,,
105,,,,,,,,,,,,,,,,,,,,
106,,,,,,,,,,,,,,,,,,,,
106,,,,,,,,,,,,,,,,,,,,
106,,,,,,,,,,,,,,,,,,,,
106,,,,,,,,,,,,,,,,,,,,
106,,,,,,,,,,,,,,,,,,,,
106,,,,,,,,,,,,,,,,,,,,
107,,,,,,,,,,,,,,,,,,,,
107,,,,,,,,,,,,,,,,,,,,
107,,,,,,,,,,,,,,,,,,,,
107,,,,,,,,,,,,,,,,,,,,
107,,,,,,,,,,,,,,,,,,,,
107,,,,,,,,,,,,,,,,,,,,
108,,,,,,,,,,,,,,,,,,,,
108,,,,,,,,,,,,,,,,,,,,
108,,,,,,,,,,,,,,,,,,,,
108,,,,,,,,,,,,,,,,,,,,
108,,,,,,,,,,,,,,,,,,,,
108,,,,,,,,,,,,,,,,,,,,
109,,,,,,,,,,,,,,,,,,,,
109,,,,,,,,,,,,,,,,,,,,
109,,,,,,,,,,,,,,,,,,,,
109,,,,,,,,,,,,,,,,,,,,
109,,,,,,,,,,,,,,,,,,,,
109,,,,,,,,,,,,,,,,,,,,
110,,,,,,,,,,,,,,,,,,,,
110,,,,,,,,,,,,,,,,,,,,
110,,,,,,,,,,,,,,,,,,,,
110,,,,,,,,,,,,,,,,,,,,
110,,,,,,,,,,,,,,,,,,,,
110,,,,,,,,,,,,,,,,,,,,
111,,,,,,,,,,,,,,,,,,,,
111,,,,,,,,,,,,,,,,,,,,
111,,,,,,,,,,,,,,,,,,,,
111,,,,,,,,,,,,,,,,,,,,
111,,,,,,,,,,,,,,,,,,,,
111,,,,,,,,,,,,,,,,,,,,
112,,,,,,,,,,,,,,,,,,,,
112,,,,,,,,,,,,,,,,,,,,
112,,,,,,,,,,,,,,,,,,,,
112,,,,,,,,,,,,,,,,,,,,
112,,,,,,,,,,,,,,,,,,,,
112,,,,,,,,,,,,,,,,,,,,
113,,,,,,,,,,,,,,,,,,,,
113,,,,,,,,,,,,,,,,,,,,
113,,,,,,,,,,,,,,,,,,,,
113,,,,,,,,,,,,,,,,,,,,
113,,,,,,,,,,,,,,,,,,,,
113,,,,,,,,,,,,,,,,,,,,
114,,,,,,,,,,,,,,,,,,,,
114,,,,,,,,,,,,,,,,,,,,
114,,,,,,,,,,,,,,,,,,,,
114,,,,,,,,,,,,,,,,,,,,
114,,,,,,,,,,,,,,,,,,,,
114,,,,,,,,,,,,,,,,,,,,
115,,,,,,,,,,,,,,,,,,,,
115,,,,,,,,,,,,,,,,,,,,
115,,,,,,,,,,,,,,,,,,,,
115,,,,,,,,,,,,,,,,,,,,
115,,,,,,,,,,,,,,,,,,,,
115,,,,,,,,,,,,,,,,,,,,
116,,,,,,,,,,,,,,,,,,,,
116,,,,,,,,,,,,,,,,,,,,
116,,,,,,,,,,,,,,,,,,,,
116,,,,,,,,,,,,,,,,,,,,
116,,,,,,,,,,,,,,,,,,,,
116,,,,,,,,,,,,,,,,,,,,
117,,,,,,,,,,,,,,,,,,,,
117,,,,,,,,,,,,,,,,,,,,
117,,,,,,,,,,,,,,,,,,,,
117,,,,,,,,,,,,,,,,,,,,
117,,,,,,,,,,,,,,,,,,,,
117,,,,,,,,,,,,,,,,,,,,
118,,,,,,,,,,,,,,,,,,,,
118,,,,,,,,,,,,,,,,,,,,
118,,,,,,,,,,,,,,,,,,,,
118,,,,,,,,,,,,,,,,,,,,
118,,,,,,,,,,,,,,,,,,,,
118,,,,,,,,,,,,,,,,,,,,
119,,,,,,,,,,,,,,,,,,,,
119,,,,,,,,,,,,,,,,,,,,
119,,,,,,,,,,,,,,,,,,,,
119,,,,,,,,,,,,,,,,,,,,
119,,,,,,,,,,,,,,,,,,,,
119,,,,,,,,,,,,,,,,,,,,
120,,,,,,,,,,,,,,,,,,,,
120,,,,,,,,,,,,,,,,,,,,
120,,,,,,,,,,,,,,,,,,,,
120,,,,,,,,,,,,,,,,,,,,
120,,,,,,,,,,,,,,,,,,,,
120,,,,,,,,,,,,,,,,,,,,
121,,,,,,,,,,,,,,,,,,,,
121,,,,,,,,,,,,,,,,,,,,
121,,,,,,,,,,,,,,,,,,,,
121,,,,,,,,,,,,,,,,,,,,
121,,,,,,,,,,,,,,,,,,,,
121,,,,,,,,,,,,,,,,,,,,
122,,,,,,,,,,,,,,,,,,,,
122,,,,,,,,,,,,,,,,,,,,
122,,,,,,,,,,,,,,,,,,,,
122,,,,,,,,,,,,,,,,,,,,
122,,,,,,,,,,,,,,,,,,,,
122,,,,,,,,,,,,,,,,,,,,
123,,,,,,,,,,,,,,,,,,,,
123,,,,,,,,,,,,,,,,,,,,
123,,,,,,,,,,,,,,,,,,,,
123,,,,,,,,,,,,,,,,,,,,
123,,,,,,,,,,,,,,,,,,,,
123,,,,,,,,,,,,,,,,,,,,
124,,,,,,,,,,,,,,,,,,,,
124,,,,,,,,,,,,,,,,,,,,
124,,,,,,,,,,,,,,,,,,,,
124,,,,,,,,,,,,,,,,,,,,
124,,,,,,,,,,,,,,,,,,,,
124,,,,,,,,,,,,,,,,,,,,
125,,,,,,,,,,,,,,,,,,,,
125,,,,,,,,,,,,,,,,,,,,
125,,,,,,,,,,,,,,,,,,,,
125,,,,,,,,,,,,,,,,,,,,
125,,,,,,,,,,,,,,,,,,,,
125,,,,,,,,,,,,,,,,,,,,
126,,,,,,,,,,,,,,,,,,,,
126,,,,,,,,,,,,,,,,,,,,
126,,,,,,,,,,,,,,,,,,,,
126,,,,,,,,,,,,,,,,,,,,
126,,,,,,,,,,,,,,,,,,,,
126,,,,,,,,,,,,,,,,,,,,
127,,,,,,,,,,,,,,,,,,,,
127,,,,,,,,,,,,,,,,,,,,
127,,,,,,,,,,,,,,,,,,,,
127,,,,,,,,,,,,,,,,,,,,
127,,,,,,,,,,,,,,,,,,,,
127,,,,,,,,,,,,,,,,,,,,
128,,,,,,,,,,,,,,,,,,,,
128,,,,,,,,,,,,,,,,,,,,
128,,,,,,,,,,,,,,,,,,,,
128,,,,,,,,,,,,,,,,,,,,
128,,,,,,,,,,,,,,,,,,,,
128,,,,,,,,,,,,,,,,,,,,
129,,,,,,,,,,,,,,,,,,,,
129,,,,,,,,,,,,,,,,,,,,
129,,,,,,,,,,,,,,,,,,,,
129,,,,,,,,,,,,,,,,,,,,
129,,,,,,,,,,,,,,,,,,,,
129,,,,,,,,,,,,,,,,,,,,
130,,,,,,,,,,,,,,,,,,,,
130,,,,,,,,,,,,,,,,,,,,
130,,,,,,,,,,,,,,,,,,,,
130,,,,,,,,,,,,,,,,,,,,
130,,,,,,,,,,,,,,,,,,,,
130,,,,,,,,,,,,,,,,,,,,
131,,,,,,,,,,,,,,,,,,,,
131,,,,,,,,,,,,,,,,,,,,
131,,,,,,,,,,,,,,,,,,,,
131,,,,,,,,,,,,,,,,,,,,
131,,,,,,,,,,,,,,,,,,,,
131,,,,,,,,,,,,,,,,,,,,
132,,,,,,,,,,,,,,,,,,,,
132,,,,,,,,,,,,,,,,,,,,
132,,,,,,,,,,,,,,,,,,,,
132,,,,,,,,,,,,,,,,,,,,
132,,,,,,,,,,,,,,,,,,,,
132,,,,,,,,,,,,,,,,,,,,
133,,,,,,,,,,,,,,,,,,,,
133,,,,,,,,,,,,,,,,,,,,
133,,,,,,,,,,,,,,,,,,,,
133,,,,,,,,,,,,,,,,,,,,
133,,,,,,,,,,,,,,,,,,,,
133,,,,,,,,,,,,,,,,,,,,
134,,,,,,,,,,,,,,,,,,,,
134,,,,,,,,,,,,,,,,,,,,
134,,,,,,,,,,,,,,,,,,,,
134,,,,,,,,,,,,,,,,,,,,
134,,,,,,,,,,,,,,,,,,,,
134,,,,,,,,,,,,,,,,,,,,
135,,,,,,,,,,,,,,,,,,,,
135,,,,,,,,,,,,,,,,,,,,
135,,,,,,,,,,,,,,,,,,,,
135,,,,,,,,,,,,,,,,,,,,
135,,,,,,,,,,,,,,,,,,,,
135,,,,,,,,,,,,,,,,,,,,
136,,,,,,,,,,,,,,,,,,,,
136,,,,,,,,,,,,,,,,,,,,
136,,,,,,,,,,,,,,,,,,,,
136,,,,,,,,,,,,,,,,,,,,
136,,,,,,,,,,,,,,,,,,,,
136,,,,,,,,,,,,,,,,,,,,
137,,,,,,,,,,,,,,,,,,,,
137,,,,,,,,,,,,,,,,,,,,
137,,,,,,,,,,,,,,,,,,,,
137,,,,,,,,,,,,,,,,,,,,
137,,,,,,,,,,,,,,,,,,,,
137,,,,,,,,,,,,,,,,,,,,
138,,,,,,,,,,,,,,,,,,,,
138,,,,,,,,,,,,,,,,,,,,
138,,,,,,,,,,,,,,,,,,,,
138,,,,,,,,,,,,,,,,,,,,
138,,,,,,,,,,,,,,,,,,,,
138,,,,,,,,,,,,,,,,,,,,
139,,,,,,,,,,,,,,,,,,,,
139,,,,,,,,,,,,,,,,,,,,
139,,,,,,,,,,,,,,,,,,,,
139,,,,,,,,,,,,,,,,,,,,
139,,,,,,,,,,,,,,,,,,,,
139,,,,,,,,,,,,,,,,,,,,
140,,,,,,,,,,,,,,,,,,,,
140,,,,,,,,,,,,,,,,,,,,
140,,,,,,,,,,,,,,,,,,,,
140,,,,,,,,,,,,,,,,,,,,
140,,,,,,,,,,,,,,,,,,,,
140,,,,,,,,,,,,,,,,,,,,
141,,,,,,,,,,,,,,,,,,,,
141,,,,,,,,,,,,,,,,,,,,
141,,,,,,,,,,,,,,,,,,,,
141,,,,,,,,,,,,,,,,,,,,
141,,,,,,,,,,,,,,,,,,,,
141,,,,,,,,,,,,,,,,,,,,
142,,,,,,,,,,,,,,,,,,,,
142,,,,,,,,,,,,,,,,,,,,
142,,,,,,,,,,,,,,,,,,,,
142,,,,,,,,,,,,,,,,,,,,
142,,,,,,,,,,,,,,,,,,,,
142,,,,,,,,,,,,,,,,,,,,
143,,,,,,,,,,,,,,,,,,,,
143,,,,,,,,,,,,,,,,,,,,
143,,,,,,,,,,,,,,,,,,,,
143,,,,,,,,,,,,,,,,,,,,
143,,,,,,,,,,,,,,,,,,,,
143,,,,,,,,,,,,,,,,,,,,
144,,,,,,,,,,,,,,,,,,,,
144,,,,,,,,,,,,,,,,,,,,
144,,,,,,,,,,,,,,,,,,,,
144,,,,,,,,,,,,,,,,,,,,
144,,,,,,,,,,,,,,,,,,,,
144,,,,,,,,,,,,,,,,,,,,
145,,,,,,,,,,,,,,,,,,,,
145,,,,,,,,,,,,,,,,,,,,
145,,,,,,,,,,,,,,,,,,,,
145,,,,,,,,,,,,,,,,,,,,
145,,,,,,,,,,,,,,,,,,,,
145,,,,,,,,,,,,,,,,,,,,
146,,,,,,,,,,,,,,,,,,,,
146,,,,,,,,,,,,,,,,,,,,
146,,,,,,,,,,,,,,,,,,,,
146,,,,,,,,,,,,,,,,,,,,
146,,,,,,,,,,,,,,,,,,,,
146,,,,,,,,,,,,,,,,,,,,
147,,,,,,,,,,,,,,,,,,,,
147,,,,,,,,,,,,,,,,,,,,
147,,,,,,,,,,,,,,,,,,,,
147,,,,,,,,,,,,,,,,,,,,
147,,,,,,,,,,,,,,,,,,,,
147,,,,,,,,,,,,,,,,,,,,
148,,,,,,,,,,,,,,,,,,,,
148,,,,,,,,,,,,,,,,,,,,
148,,,,,,,,,,,,,,,,,,,,
148,,,,,,,,,,,,,,,,,,,,
148,,,,,,,,,,,,,,,,,,,,
148,,,,,,,,,,,,,,,,,,,,
149,,,,,,,,,,,,,,,,,,,,
149,,,,,,,,,,,,,,,,,,,,
149,,,,,,,,,,,,,,,,,,,,
149,,,,,,,,,,,,,,,,,,,,
149,,,,,,,,,,,,,,,,,,,,
149,,,,,,,,,,,,,,,,,,,,
150,,,,,,,,,,,,,,,,,,,,
150,,,,,,,,,,,,,,,,,,,,
150,,,,,,,,,,,,,,,,,,,,
150,,,,,,,,,,,,,,,,,,,,
150,,,,,,,,,,,,,,,,,,,,
150,,,,,,,,,,,,,,,,,,,,
151,,,,,,,,,,,,,,,,,,,,
151,,,,,,,,,,,,,,,,,,,,
151,,,,,,,,,,,,,,,,,,,,
151,,,,,,,,,,,,,,,,,,,,
151,,,,,,,,,,,,,,,,,,,,
151,,,,,,,,,,,,,,,,,,,,
152,,,,,,,,,,,,,,,,,,,,
152,,,,,,,,,,,,,,,,,,,,
152,,,,,,,,,,,,,,,,,,,,
152,,,,,,,,,,,,,,,,,,,,
152,,,,,,,,,,,,,,,,,,,,
152,,,,,,,,,,,,,,,,,,,,
153,,,,,,,,,,,,,,,,,,,,
153,,,,,,,,,,,,,,,,,,,,
153,,,,,,,,,,,,,,,,,,,,
153,,,,,,,,,,,,,,,,,,,,
153,,,,,,,,,,,,,,,,,,,,
153,,,,,,,,,,,,,,,,,,,,
154,,,,,,,,,,,,,,,,,,,,
154,,,,,,,,,,,,,,,,,,,,
154,,,,,,,,,,,,,,,,,,,,
154,,,,,,,,,,,,,,,,,,,,
154,,,,,,,,,,,,,,,,,,,,
154,,,,,,,,,,,,,,,,,,,,
155,,,,,,,,,,,,,,,,,,,,
155,,,,,,,,,,,,,,,,,,,,
155,,,,,,,,,,,,,,,,,,,,
155,,,,,,,,,,,,,,,,,,,,
155,,,,,,,,,,,,,,,,,,,,
155,,,,,,,,,,,,,,,,,,,,
156,,,,,,,,,,,,,,,,,,,,
156,,,,,,,,,,,,,,,,,,,,
156,,,,,,,,,,,,,,,,,,,,
156,,,,,,,,,,,,,,,,,,,,
156,,,,,,,,,,,,,,,,,,,,
156,,,,,,,,,,,,,,,,,,,,
157,,,,,,,,,,,,,,,,,,,,
157,,,,,,,,,,,,,,,,,,,,
157,,,,,,,,,,,,,,,,,,,,
157,,,,,,,,,,,,,,,,,,,,
157,,,,,,,,,,,,,,,,,,,,
157,,,,,,,,,,,,,,,,,,,,
158,,,,,,,,,,,,,,,,,,,,
158,,,,,,,,,,,,,,,,,,,,
158,,,,,,,,,,,,,,,,,,,,
158,,,,,,,,,,,,,,,,,,,,
158,,,,,,,,,,,,,,,,,,,,
158,,,,,,,,,,,,,,,,,,,,
159,,,,,,,,,,,,,,,,,,,,
159,,,,,,,,,,,,,,,,,,,,
159,,,,,,,,,,,,,,,,,,,,
159,,,,,,,,,,,,,,,,,,,,
159,,,,,,,,,,,,,,,,,,,,
159,,,,,,,,,,,,,,,,,,,,
160,,,,,,,,,,,,,,,,,,,,
160,,,,,,,,,,,,,,,,,,,,
160,,,,,,,,,,,,,,,,,,,,
160,,,,,,,,,,,,,,,,,,,,
160,,,,,,,,,,,,,,,,,,,,
160,,,,,,,,,,,,,,,,,,,,
161,,,,,,,,,,,,,,,,,,,,
161,,,,,,,,,,,,,,,,,,,,
161,,,,,,,,,,,,,,,,,,,,
161,,,,,,,,,,,,,,,,,,,,
161,,,,,,,,,,,,,,,,,,,,
161,,,,,,,,,,,,,,,,,,,,
162,,,,,,,,,,,,,,,,,,,,
162,,,,,,,,,,,,,,,,,,,,
162,,,,,,,,,,,,,,,,,,,,
162,,,,,,,,,,,,,,,,,,,,
162,,,,,,,,,,,,,,,,,,,,
162,,,,,,,,,,,,,,,,,,,,
163,,,,,,,,,,,,,,,,,,,,
163,,,,,,,,,,,,,,,,,,,,
163,,,,,,,,,,,,,,,,,,,,
163,,,,,,,,,,,,,,,,,,,,
163,,,,,,,,,,,,,,,,,,,,
163,,,,,,,,,,,,,,,,,,,,
164,,,,,,,,,,,,,,,,,,,,
164,,,,,,,,,,,,,,,,,,,,
164,,,,,,,,,,,,,,,,,,,,
164,,,,,,,,,,,,,,,,,,,,
164,,,,,,,,,,,,,,,,,,,,
164,,,,,,,,,,,,,,,,,,,,
165,,,,,,,,,,,,,,,,,,,,
165,,,,,,,,,,,,,,,,,,,,
165,,,,,,,,,,,,,,,,,,,,
165,,,,,,,,,,,,,,,,,,,,
165,,,,,,,,,,,,,,,,,,,,
165,,,,,,,,,,,,,,,,,,,,
166,,,,,,,,,,,,,,,,,,,,
166,,,,,,,,,,,,,,,,,,,,
166,,,,,,,,,,,,,,,,,,,,
166,,,,,,,,,,,,,,,,,,,,
166,,,,,,,,,,,,,,,,,,,,
166,,,,,,,,,,,,,,,,,,,,
Avg.,,0.8577878104,0.1083521445,0.8848758465,0.08333333333,0.6914414414,0.3536036036,2.051801802,0.6711711712,2.114864865,0,0,0.5968468468,0.3333333333,20.90315315,12.20945946,0.2117117117,0.1103603604,0.1801801802,0.1238738739
SD,,0.3492676377,0.4217535603,1.210496482,0.4791054603,1.066195853,0.9413956409,3.064549024,2.070813366,2.596403391,0,0,0.4905310268,0.4714045208,15.30256673,32.09057846,0.4085215574,0.3133383973,0.3843374596,0.3294376075